SET @OLD_UNIQUE_CHECKS=@@UNIQUE_CHECKS, UNIQUE_CHECKS=0;
SET @OLD_FOREIGN_KEY_CHECKS=@@FOREIGN_KEY_CHECKS, FOREIGN_KEY_CHECKS=0;
SET @OLD_SQL_MODE=@@SQL_MODE, SQL_MODE='TRADITIONAL,ALLOW_INVALID_DATES';

insert into producto values (010, 'sencillo resortado 100x190','colchon','dormissueños',3);
insert into producto values (011, 'sencillo resortado 120x190','colchon','dormissueños',2);
insert into producto values (012, 'sencillo resortado 140x190','colchon','dormissueños',5);
insert into producto values (013, 'sencillo resortado 160x190','colchon','dormissueños',0);
insert into producto values (014, 'sencillo resortado 200x190','colchon','dormissueños',0);
insert into producto values (020, 'sencillo cassata 100x190','colchon','dormissueños',2);
insert into producto values (021, 'sencillo cassata 120x190','colchon','dormissueños',3);
insert into producto values (022, 'sencillo cassata 140x190','colchon','dormissueños',4);
insert into producto values (023, 'sencillo cassata 160x190','colchon','dormissueños',0);
insert into producto values (024, 'sencillo cassata 200x190','colchon','dormissueños',1);
insert into producto values (030, 'pillow resortado 100x190','colchon','dormissueños',0);
insert into producto values (031, 'pillow resortado 120x190','colchon','dormissueños',2);
insert into producto values (032, 'pillow resortado 140x190','colchon','dormissueños',3);
insert into producto values (033, 'pillow resortado 160x190','colchon','dormissueños',0);
insert into producto values (034, 'pillow resortado 200x190','colchon','dormissueños',0);
insert into producto values (040, 'pillow cassata 100x190','colchon','dormissueños',0);
insert into producto values (041, 'pillow cassata 120x190','colchon','dormissueños',4);
insert into producto values (042, 'pillow cassata 140x190','colchon','dormissueños',2);
insert into producto values (043, 'pillow cassata 160x190','colchon','dormissueños',0);
insert into producto values (044, 'pillow cassata 200x190','colchon','dormissueños',0);
insert into producto values (050, ' anatomico 100x190','colchon','roman relax',10);
insert into producto values (051, ' anatomico 120x190','colchon','roman relax',11);
insert into producto values (052, ' anatomico 140x190','colchon','roman relax',13);
insert into producto values (060, ' espuma 100x190','colchon','espumados',18);
insert into producto values (061, ' espuma 120x190','colchon',' espumados',15);
insert into producto values (062, ' espuma 140x190','colchon','espumados',14);
insert into producto values (070, 'base cama 100x190','mueble','dormissueños',6);
insert into producto values (071, 'base cama 120x190','mueble','dormissueños',7);
insert into producto values (072, 'base cama 140x190','mueble','dormissueños',7);
insert into producto values (073, 'base cama 160x190','mueble','dormissueños',1);
insert into producto values (074, 'base cama 200x190','mueble','dormissueños',0);
insert into producto values (080, 'espaldar 100x190','mueble','dormissueños',6);
insert into producto values (081, 'espaldar 120x190','mueble','dormissueños',7);
insert into producto values (082, 'espaldar 140x190','mueble','dormissueños',7);
insert into producto values (083, 'espaldar 160x190','mueble','dormissueños',1);
insert into producto values (084, 'espaldar 200x190','mueble','dormissueños',0);
insert into producto values (090, 'confort resortado 100x190','colchon','dormissueños',3);
insert into producto values (091, 'confort resortado 120x190','colchon','dormissueños',2);
insert into producto values (092, 'confort resortado 140x190','colchon','dormissueños',4);
insert into producto values (093, 'confort resortado 160x190','colchon','dormissueños',0);
insert into producto values (094, 'confort resortado 200x190','colchon','dormissueños',0);
insert into producto values (100, 'confort cassata 100x190','colchon','dormissueños',0);
insert into producto values (101, 'confort cassata 120x190','colchon','dormissueños',4);
insert into producto values (102, 'confort cassata 140x190','colchon','dormissueños',7);
insert into producto values (103, 'confort cassata 160x190','colchon','dormissueños',0);
insert into producto values (104, 'confort cassata 200x190','colchon','dormissueños',1);
insert into producto values (110, 'sofa cama 100','accesorio','dormissueños',4);
insert into producto values (111, 'sofa cama 120','accesorio','dormissueños',0);
insert into producto values (00, 'alomohada','accesorio','dormissueños',24);

insert into cliente values (102239455, 'patricia ortega','cr 19 num 14-86');
insert into cliente values (102239456, 'zeudy peña sanchez','cr 38a sur  num 51a-28');
insert into cliente values (102239457, 'nelly gallon','cr 52 num 138-51');
insert into cliente values (105339458, 'alexandra avila','diagonal 5f bis a num 45-04');
insert into cliente values (107839459, 'elsa guerrero','cr 69b num 1 -27');
insert into cliente values (23539452, 'rafael gomez','cll 24 sur num 40b-67');
insert into cliente values (10873943, 'alverto fino','cll av 68 num 51-25');
insert into cliente values (102239445, 'katerine jimenez','cr 71d num 64i-34');
insert into cliente values (134223944, 'susana molina','cll 36 num 68a-17');
insert into cliente values (768394000, 'nubia beltran','cr 69c num 37a-90 sur');
insert into cliente values (567567567, 'aleida rojas','cr 91c num 2-90');
insert into cliente values (45456767, 'mauricio cardenas','cr 64  num 3-35');
insert into cliente values (345465765, 'carolina rodriguez','cr 71b bis num 12a-40');
insert into cliente values (45654654, 'erica arguello','cll 8 sur  num 38a-41');
insert into cliente values (78976787, 'hasner serrano','cr 78f bis  num 46a -69 sur');
insert into cliente values (56768768, 'elida suarez','trv 39 num 38a-15 sur');
insert into cliente values (457658766, 'diego velasco','cll 70 sur num 81b-09');
insert into cliente values (56767627, 'milena gallego','cll 48a sur  num 88c-10');
insert into cliente values (234545345, 'carlos neiva','cll 40 f sur  num 74d-16');
insert into cliente values (98978675, 'eduardo sanchez','cr 78c num 68b-16');

insert into cliente values (78676767, 'danna martines','cr 40 num 169-62');
insert into cliente values (453365, 'zully otalora','cr 11  num 9-62');
insert into cliente values (102228787, 'angelica numpaque','cr 13 a 89-38');
insert into cliente values (100828787, 'sevastian varon ovalle','cr 38 10-24');
insert into cliente values (8733376, 'tatiana barrera','cr 19 c 90-14');
insert into cliente values (0938974823, 'hassam caro lopez','cll 54 25-81');
insert into cliente values (2328877676, 'miguel martinez','cr 5 27-27');
insert into cliente values (1022323283, 'diego lara buitrago','cll 21 9-16');
insert into cliente values (110333444, 'nicole duran amariles','cll 53 929');
insert into cliente values (0293782333, 'juan fernandez','cll 74 20c-19');
insert into cliente values (234888343, 'jose rojas','cll 15 3-47');
insert into cliente values (1022398883, 'mauricio rodriguez','cr 24 1b-25');
insert into cliente values (7983727223, 'jose duarte','cll 11 sur 4-33');
insert into cliente values (5376487262, 'kevin parada','cr 58 128-07');
insert into cliente values (2239878263, 'eduardo posada','cr 92 146-48');
insert into cliente values (8766667677, 'monica alayon','cr 5 18-86');

insert into empleado values (23550332, 'rosa zea','cr 65 num 2c-53');
insert into empleado values (1022409274, 'claudia duarte','cll 4 b num 5-10');
insert into empleado values (7659458, 'raul realphe','cr 63 num 2b-04');
insert into empleado values (565230058, 'carlos bautista','cll 33 num 2-15');
insert into empleado values (79642046, 'juan vasco','cll 4 num 5-28');

insert into telefono values (01, 4140180, 23550332,null);
insert into telefono values (02, 4940370, 1022409274,null);
insert into telefono values (03, 3036480, 7659458,null);
insert into telefono values (04, 2611395,565230058,null);
insert into telefono values (05, 8864336, 79642046,null);

insert into telefono values (06, 3112648007,null, 102239455);
insert into telefono values (07, 6081926, null,102239456);
insert into telefono values (08, 6331220, null,102239457);
insert into telefono values (09, 3176812365,null, 102239458);
insert into telefono values (10, 8015363, null,107839459);
insert into telefono values (11, 7205143, null,23539452);
insert into telefono values (12, 3168779700,null, 10873943);
insert into telefono values (13, 3178442693, null,102239445);
insert into telefono values (14, 3202094416, null,134223944);
insert into telefono values (15, 3176689032, null,768394000);
insert into telefono values (16, 3014171, null,567567567);
insert into telefono values (17, 3204307283,null, 45456767);
insert into telefono values (18, 4796899, null,345465765);
insert into telefono values (19, 2036203, null,45654654);
insert into telefono values (20, 3112188218,null, 78976787);
insert into telefono values (21, 7138415, null,56768768);
insert into telefono values (22, 7766283, null,457658766);
insert into telefono values (23, 4884836, null,56767627);
insert into telefono values (24, 5628080, null,234545345);
insert into telefono values (25, 7822348, null,98978675);

insert into telefono values (26,7828035,null,102239455);
insert into telefono values (27,5612225,null,102239456);
insert into telefono values (28,5604735,null,102239457);
insert into telefono values (29,2833773,null,100828787);
insert into telefono values (30,2336834,null,8733376);
insert into telefono values (31,2264754,null,0938974823);
insert into telefono values (32,7605281,null,2328877676);
insert into telefono values (33,5103455,null,1022323283);
insert into telefono values (34,3101864,null,110333444);
insert into telefono values (35,3490116,null,0293782333);
insert into telefono values (36,3752102,null,234888343);
insert into telefono values (37,6886637,null,1022398883);
insert into telefono values (38,5404128,null,7983727223);
insert into telefono values (39,4831211,null,5376487262);
insert into telefono values (40,3422697,null,2239878263);
insert into telefono values (41,8620140,null,8766667677);

insert into empleadoAlmacen values (23550332);
insert into empleadoAlmacen values (1022409274);

insert into empleadoFabrica values (7659458);
insert into empleadoFabrica values (565230058);
insert into empleadoFabrica values (79642046);

insert into factura values (201,'2015-01-07',23550332,102239455);
insert into factura values (202,'2015-01-14',1022409274,102239456);
insert into factura values (203,'2015-01-21',23550332,102239457);
insert into factura values (204,'2015-02-02',1022409274,105339458);
insert into factura values (205,'2015-02-04',23550332,107839459);
insert into factura values (206,'2015-02-10',23550332,23539452);
insert into factura values (207,'2015-02-14',1022409274,10873943);
insert into factura values (208,'2015-03-15',23550332,10223945);
insert into factura values (209,'2015-03-16',1022409274,134223944);
insert into factura values (210,'2015-03-17',1025652300582409274,768394000);
insert into factura values (211,'2015-03-18',23550332,567567567);
insert into factura values (212,'2015-03-19',23550332,45456767);
insert into factura values (213,'2015-04-05',1022409274,345465765);
insert into factura values (214,'2015-04-14',23550332,45654654);
insert into factura values (215,'2015-04-23',23550332,78976787);
insert into factura values (216,'2015-04-24',1022409274,56768768);
insert into factura values (217,'2015-05-03',1022409274,457658766);
insert into factura values (218,'2015-05-06',1022409274,56767627);
insert into factura values (219,'2015-05-09',23550332,234545345);
insert into factura values (220,'2015-06-08',1022409274,98978675);
insert into factura values (221,'2015-06-16',1022409274,78676767);
insert into factura values (222,'2015-06-24',23550332,453365);
insert into factura values (223,'2015-06-28',1022409274,102228787);
insert into factura values (224,'2015-06-28',1022409274,100828787);
insert into factura values (225,'2015-07-12',23550332,8733376);
insert into factura values (226,'2015-07-24',23550332,0938974823);
insert into factura values (227,'2015-07-25',1022409274,2328877676);
insert into factura values (228,'2015-07-30',1022409274,1022323283);
insert into factura values (229,'2015-08-11',23550332,110333444);
insert into factura values (230,'2015-08-13',23550332,0293782333);
insert into factura values (231,'2015-09-15',1022409274,234888343);
insert into factura values (232,'2015-09-17',1022409274,1022398883);
insert into factura values (233,'2015-09-19',1022409274,7983727223);
insert into factura values (234,'2015-09-20',23550332,5376487262);
insert into factura values (235,'2015-09-26',1022409274,2239878263);
insert into factura values (236,'2015-09-30',23550332,8766667677);
insert into factura values (238,'2015-09-30',23550332,8766667677);

insert into comprado values (201,'2015-01-07',050,4);
insert into comprado values (201,'2015-01-07',070,4);
insert into comprado values (201,'2015-01-07',00,5);


insert into comprado values (202,'2015-01-14',092,1);
insert into comprado values (202,'2015-01-14',072,1);
insert into comprado values (202,'2015-01-14',082,1);

insert into comprado values (203,'2015-01-21',070,1);
insert into comprado values (203,'2015-01-21',060,2);
insert into comprado values (203,'2015-01-21',110,1);
insert into comprado values (203,'2015-01-21',052,1);

insert into comprado values (204,'2015-02-02',013,1);
insert into comprado values (204,'2015-02-02',073,1);
insert into comprado values (204,'2015-02-02',010,1);
insert into comprado values (204,'2015-02-02',070,1);

insert into comprado values (205,'2015-02-04',022,1);

insert into comprado values (206,'2015-02-10',090,2);
insert into comprado values (206,'2015-02-10',070,2);


insert into comprado values (207,'2015-02-14',072,1);
insert into comprado values (207,'2015-02-14',092,1);

insert into comprado values (208,'2015-03-15',072,1);
insert into comprado values (208,'2015-03-15',052,1);
insert into comprado values (208,'2015-03-15',00,1);

insert into comprado values (209,'2015-03-16',070,1);
insert into comprado values (209,'2015-03-16',060,1);

insert into comprado values (210,'2015-03-17',051,1);

insert into comprado values (211,'2015-03-18',020,2);

insert into comprado values (212,'2015-03-19',032,1);

insert into comprado values (213,'2015-04-05',070,1);
insert into comprado values (213,'2015-04-05',090,1);

insert into comprado values (214,'2015-04-14',010,1);

insert into comprado values (215,'2015-04-23',022,1);
insert into comprado values (215,'2015-04-23',00,2);

insert into comprado values (216,'2015-04-24',010,1);
insert into comprado values (216,'2015-04-24',00,1);

insert into comprado values (217,'2015-05-03',020,1);
insert into comprado values (217,'2015-05-03',00,1);

insert into comprado values (218,'2015-05-06',011,1);

insert into comprado values (219,'2015-05-09',111,1);

insert into comprado values (220,'2015-06-08',050,1);
insert into comprado values (220,'2015-06-08',00,1);

insert into comprado values (221,'2015-06-16',042,1);
insert into comprado values (221,'2015-06-16',072,1);

insert into comprado values (222,'2015-06-24',033,1);
insert into comprado values (222,'2015-06-24',073,1);
insert into comprado values (222,'2015-06-24',083,1);

insert into comprado values (223,'2015-06-28',092,4);
insert into comprado values (223,'2015-06-28',072,4);
insert into comprado values (223,'2015-06-28',082,4);
insert into comprado values (223,'2015-06-28',060,5);

insert into comprado values (224,'2015-06-28',010,6);
insert into comprado values (224,'2015-06-28',070,6);
insert into comprado values (224,'2015-06-28',071,6);
insert into comprado values (224,'2015-06-28',011,6);

insert into comprado values (225,'2015-07-12',052,1);

insert into comprado values (226,'2015-07-24',102,2);

insert into comprado values (227,'2015-07-25',062,4);
insert into comprado values (227,'2015-07-25',052,2);
insert into comprado values (227,'2015-07-25',042,1);

insert into comprado values (228,'2015-07-30',100,1);

insert into comprado values (229,'2015-08-11',072,1);
insert into comprado values (229,'2015-08-11',042,1);

insert into comprado values (230,'2015-08-13',023,3);

insert into comprado values (231,'2015-09-15',022,2);
insert into comprado values (231,'2015-09-15',070,2);
insert into comprado values (231,'2015-09-15',071,2);
insert into comprado values (231,'2015-09-15',072,2);

insert into comprado values (232,'2015-09-17',080,1);
insert into comprado values (232,'2015-09-17',010,1);
insert into comprado values (232,'2015-09-17',070,1);

insert into comprado values (233,'2015-09-19',103,3);

insert into comprado values (234,'2015-09-20',020,5);

insert into comprado values (235,'2015-09-26',072,1);
insert into comprado values (235,'2015-09-26',101,1);

insert into comprado values (236,'2015-09-30',032,1);
insert into comprado values (236,'2015-09-30',052,2);
insert into comprado values (236,'2015-09-30',042,1);

insert into proveedor values (8600366495,'espumados s.a','aut sur cr 4 num 6-15','espumas');
insert into proveedor values (900592366,'espumas y colchones confor flex s.a.s','cll 14 num 29-14','material,tela');
insert into proveedor values (43454545,'casa cassatex','cr 80 f num 42a-43 sur','casatas');
insert into proveedor values (56565656,'espumas y colchones del valle','cll 40b sur num 86-18','espumas');
insert into proveedor values (912931536,'distribuidora de muebles bayo de bucaramanga','cr 50 num 6-25','muebles');
insert into proveedor values (798857106,'special','cll 4 b num 5-40','basecamas');
insert into proveedor values (830286067,'colchones jeimy','av cr 68 num 4b-86','material,tela');
insert into proveedor values (78787878,'espumas y poliuretanos ltda','cll 27 sur num 29b-50','espumas');
insert into proveedor values (12121212,'colchones y sofacamas luxaires','Avenida Boyacá No, 64F - 36  ','basecama');
insert into proveedor values (34343434,'induasis s.a','cr 103a num 21-15 ','bases resortadas');

insert into inventarioMaterial values (111,'espuma naranja densidad 30  ','espuma',4,' 100x190');
insert into inventarioMaterial values (112,'espuma naranja densidad 30 ','espuma',6,' 120x190');
insert into inventarioMaterial values (113,'espuma naranja densidad 30  ','espuma',8,' 140x190');
insert into inventarioMaterial values (121,'espuma rosada densidad 26 ','espuma',10,' 100x190');
insert into inventarioMaterial values (122,'espuma rosada densidad 26 ','espuma',4,' 120x190');
insert into inventarioMaterial values (123,'espuma rosada densidad 26 ','espuma',6,'140x190');
insert into inventarioMaterial values (131,'espuma verde densidad 23','espuma',8,' 100x190');
insert into inventarioMaterial values (132,'espuma verde densidad 23 ','espuma',12,' 120x190');
insert into inventarioMaterial values (133,'espuma verde densidad 23 ','espuma',12,' 140x190');
insert into inventarioMaterial values (141,'espuma tapicol densidad 18  ','espuma',10,' 100x190');
insert into inventarioMaterial values (142,'espuma tapicol densidad 18  ','espuma',8,'120x190');
insert into inventarioMaterial values (143,'espuma tapicol densidad 18  ','espuma',12,' 140x190');
insert into inventarioMaterial values (150,'acolchado normal ','tela',57,'en mts figura');
insert into inventarioMaterial values (151,'acolchado doble ','tela',32,' en mts figura');
insert into inventarioMaterial values (160,'microfibra','tela',10,' en mts negra');
insert into inventarioMaterial values (161,'microfibra','tela',12,' en mts cafe');
insert into inventarioMaterial values (170,'base resortada 5 vueltas ','base resortada',3,' 100x190');
insert into inventarioMaterial values (171,'base resortada 5 vueltas ','base resortada',4,' 120x190');
insert into inventarioMaterial values (172,'base resortada 5 vueltas ','base resortada',9,' 140x190');
insert into inventarioMaterial values (173,'base resortada 5 vueltas ','base resortada',0,' 160x190');
insert into inventarioMaterial values (174,'base resortada 5 vueltas ','base resortada',0,' 200x190');
insert into inventarioMaterial values (180,'base resortada 6 vueltas ','base resortada',2,' 100x190');
insert into inventarioMaterial values (181,'base resortada 6 vueltas ','base resortada',2,' 120x190');
insert into inventarioMaterial values (182,'base resortada 6 vueltas ','base resortada',4,' 140x190');
insert into inventarioMaterial values (183,'base resortada 6 vueltas ','base resortada',0,' 160x190');
insert into inventarioMaterial values (184,'base resortada 6 vueltas ','base resortada',0,' 200x190');
insert into inventarioMaterial values (190,'cassata densidad 80 ','casata',8,' 100x190');
insert into inventarioMaterial values (191,'cassata densidad 80 ','casata',6,' 120x190');
insert into inventarioMaterial values (192,'cassata densidad 80 ','casata',4,' 140x190');
insert into inventarioMaterial values (193,'cassata densidad 80 ','casata',2,' 160x190');
insert into inventarioMaterial values (200,'cassata densidad 120 ','casata',5,' 100x190');
insert into inventarioMaterial values (201,'cassata densidad 120 ','casata',3,' 120x190');
insert into inventarioMaterial values (202,'cassata densidad 120','casata',6,' 140x190');
insert into inventarioMaterial values (203,'cassata densidad 120 ','casata',7,' 160x190');

insert into fabrica values (0001,'2015-01-16',1,170,9,7659458);
insert into fabrica values (00012,'2015-01-16',1,150,9,7659458);
insert into fabrica values (00013,'2015-01-16',2,121,9,7659458);

insert into fabrica values (0002,'2015-02-18',1,171,10,7659458);
insert into fabrica values (00021,'2015-02-18',1,150,10,7659458);
insert into fabrica values (00022,'2015-02-18',2,122,10,7659458);

insert into fabrica values (0003,'2015-03-17',1,181,11,7659458);
insert into fabrica values (00032,'2015-03-17',1,150,11,7659458);
insert into fabrica values (00033,'2015-03-17',2,142,11,7659458);

insert into fabrica values (0004,'2015-04-18',1,172,12,7659458);
insert into fabrica values (00041,'2015-04-18',2,143,12,7659458);
insert into fabrica values (00042,'2015-04-18',1,150,12,7659458);

insert into fabrica values (0005,'2015-05-19',1,150,13,7659458);
insert into fabrica values (00051,'2015-05-19',1,183,13,7659458);
insert into fabrica values (00052,'2015-05-19',4,121,13,7659458);

insert into fabrica values (0006,'2015-06-09',1,170,14,565230058);
insert into fabrica values (00061,'2015-06-09',1,150,14,565230058);
insert into fabrica values (00062,'2015-06-09',2,121,14,565230058);

insert into fabrica values (0007,'2015-07-10',2,142,15,565230058);
insert into fabrica values (00071,'2015-07-10',1,201,15,565230058);
insert into fabrica values (00072,'2015-07-10',1,151,15,565230058);

insert into fabrica values (0008,'2015-08-06',1,051,16,565230058);
insert into fabrica values (00081,'2015-08-06',1,143,16,565230058);
insert into fabrica values (00082,'2015-08-06',1,202,16,565230058);

insert into fabrica values (0009,'2015-09-21',4,132,17,565230058);
insert into fabrica values (00091,'2015-09-21',1,150,17,565230058);
insert into fabrica values (00092,'2015-09-21',1,191,17,565230058);

insert into provee values ('2015-08-02',4,111,8600366495);
insert into provee values ('2015-09-06',6,112,8600366495);
insert into provee values ('2015-08-08',8,121,900592366);
insert into provee values ('2015-09-10',10,133,900592366);
insert into provee values ('2015-05-14',6,191,43454545);
insert into provee values ('2015-06-18',5,192,43454545);
insert into provee values ('2015-07-21',3,193,43454545);
insert into provee values ('2015-08-22',11,201,43454545);
insert into provee values ('2015-09-23',12,202,43454545);
insert into provee values ('2015-08-06',5,200,43454545);
insert into provee values ('2015-07-04',4,123,56565656);
insert into provee values ('2015-08-03',1,143,56565656);
insert into provee values ('2015-05-05',2,402,912931536);
insert into provee values ('2015-06-07',3,403,912931536);
insert into provee values ('2015-04-23',1,160,830286067);
insert into provee values ('2015-08-25',3,161,830286067);
insert into provee values ('2015-03-27',1,142,78787878);
insert into provee values ('2015-06-04',2,170,34343434);
insert into provee values ('2015-07-10',4,171,34343434);
insert into provee values ('2015-08-11',6,172,34343434);
insert into provee values ('2015-09-21',2,182,34343434);

insert into precio values (200000, '2015-09-10',010);
insert into precio values (250000,'2015-09-10',011);
insert into precio values (300000, '2015-09-10',012);
insert into precio values (350000,'2015-09-10',013);
insert into precio values (400000,'2015-09-10',014);
insert into precio values (250000,'2015-09-10',020);
insert into precio values (300000,'2015-09-10',021);
insert into precio values (350000,'2015-09-10',022);
insert into precio values (400000, '2015-09-10',023);
insert into precio values (450000, '2015-09-10',024);
insert into precio values (300000, '2015-09-10',030);
insert into precio values (400000, '2015-09-10',031);
insert into precio values (450000, '2015-09-10',032);
insert into precio values (500000, '2015-09-10',033);
insert into precio values (600000, '2015-09-10',034);
insert into precio values (350000, '2015-09-10',040);
insert into precio values (450000, '2015-09-10',041);
insert into precio values (500000, '2015-09-10',042);
insert into precio values (550000, '2015-09-10',043);
insert into precio values (650000, '2015-09-10',044);
insert into precio values (180000,'2015-09-10',050);
insert into precio values (230000,'2015-09-10',051);
insert into precio values (250000,'2015-09-10',052);
insert into precio values (120000,'2015-09-10',060);
insert into precio values (140000, '2015-09-10',061);
insert into precio values (160000, '2015-09-10',062);
insert into precio values (170000, '2015-09-10',070);
insert into precio values (200000,'2015-09-10',071);
insert into precio values (250000,'2015-09-10',072);
insert into precio values (270000, '2015-09-10',073);
insert into precio values (350000, '2015-09-10',074);
insert into precio values (200000,'2015-09-10',080);
insert into precio values (250000,'2015-09-10',081);
insert into precio values (270000, '2015-09-10',082);
insert into precio values (350000,'2015-09-10',083);
insert into precio values (400000,'2015-09-10',084);
insert into precio values (250000, '2015-09-10',090);
insert into precio values (350000,'2015-09-10',091);
insert into precio values (450000, '2015-09-10',092);
insert into precio values (550000, '2015-09-10',093);
insert into precio values (650000, '2015-09-10',094);
insert into precio values (250000,'2015-09-10',100);
insert into precio values (350000,'2015-09-10',101);
insert into precio values (450000, '2015-09-10',102);
insert into precio values (550000, '2015-09-10',103);
insert into precio values (850000, '2015-09-10',104);
insert into precio values (35000, '2015-09-10',00);
insert into precio values (300000, '2015-09-10',110);
insert into precio values (350000, '2015-09-10',111);

insert into inventarioProducto values (1,6,'2015-08-21',070,912931536);
insert into inventarioProducto values (2,7,'2015-08-21',071,912931536);
insert into inventarioProducto values (3,7,'2015-08-21',072,912931536);
insert into inventarioProducto values (4,1,'2015-08-21',073,798857106);
insert into inventarioProducto values (5,6,'2015-08-21',080,798857106);
insert into inventarioProducto values (6,7,'2015-08-21',081,798857106);
insert into inventarioProducto values (7,7,'2015-08-21',082,798857106);
insert into inventarioProducto values (8,1,'2015-08-21',083,798857106);

insert into inventarioProducto values (9,1,'2015-01-16',010,null);
insert into inventarioProducto values (10,1,'2015-02-18',011,null);
insert into inventarioProducto values (11,1,'2015-03-17',091,null);
insert into inventarioProducto values (12,1,'2015-04-18',092,null);
insert into inventarioProducto values (13,1,'2015-05-19',093,null);
insert into inventarioProducto values (14,1,'2015-06-09',010,null);
insert into inventarioProducto values (15,1,'2015-07-10',021,null);
insert into inventarioProducto values (16,1,'2015-08-06',022,null);
insert into inventarioProducto values (17,1,'2015-09-21',041,null);

insert into contrato values (675840, '2015-09-16','2016-10-16',850000,23550332);
insert into contrato values (675841, '2015-09-16','2016-09-16',800000,1022409274);
insert into contrato values (675842, '2015-09-16','2016-09-16',750000,7659458);
insert into contrato values (675843, '2015-09-16','2016-09-16',700000,565230058);
insert into contrato values (675844, '2015-09-16','2016-09-16',650000,79642046);


SET SQL_MODE=@OLD_SQL_MODE;
SET FOREIGN_KEY_CHECKS=@OLD_FOREIGN_KEY_CHECKS;
SET UNIQUE_CHECKS=@OLD_UNIQUE_CHECKS;
